<?xml version="1.0" encoding="utf-8"?>
<odoo>
    <!-- Module category for the module to add the security groups -->
    <record id="module_employee_bonus_manager" model="ir.module.category">
        <field name="name">Employee Bonus</field>
        <field name="description">Access for Employee Bonus module</field>
        <field name="sequence">50</field>
    </record>
    <!-- The security groups for the module -->
    <!-- The User group for creating bonus request -->
    <record id="employee_bonus_manager_group_user" model="res.groups">
        <field name="name">User</field>
        <field name="category_id" ref="module_employee_bonus_manager"/>
        <field name="implied_ids" eval="[(4, ref('base.group_user'))]"/>
    </record>
    <!-- The Department Head group for validating bonus request -->
    <record id="employee_bonus_manager_group_department" model="res.groups">
        <field name="name">Department Head</field>
        <field name="category_id" ref="module_employee_bonus_manager"/>
        <field name="implied_ids"
               eval="[(4, ref('employee_bonus_manager_group_user'))]"/>
    </record>
    <!-- The Manager group for approving bonus request -->
    <record id="employee_bonus_manager_group_manager" model="res.groups">
        <field name="name">Manager</field>
        <field name="category_id" ref="module_employee_bonus_manager"/>
        <field name="implied_ids"
               eval="[(4, ref('employee_bonus_manager_group_department'))]"/>
        <field name="users"
               eval="[(4, ref('base.user_root')), (4, ref('base.user_admin'))]"/>
    </record>
    <!-- Add the default user to the security group User -->
    <record id="base.default_user" model="res.users">
        <field name="groups_id"
               eval="[(4,ref('employee_bonus_manager_group_user'))]"/>
    </record>
</odoo>
