id,name,model_id/id,group_id/id,perm_read,perm_write,perm_create,perm_unlink
access_bonus_request_user,access.bonus.request.user,model_bonus_request,employee_bonus_manager_group_user,1,1,1,0
access_bonus_request_department,access.bonus.request.department,model_bonus_request,employee_bonus_manager_group_department,1,1,1,0
access_bonus_request_manager,access.bonus.request.manager,model_bonus_request,employee_bonus_manager_group_manager,1,1,1,1
access_bonus_reason_user,access.bonus.reason.user,model_bonus_reason,employee_bonus_manager_group_user,1,1,1,0
access_bonus_reason_department,access.bonus.reason.department,model_bonus_reason,employee_bonus_manager_group_department,1,1,1,0
access_bonus_reason_manager,access.bonus.reason.manager,model_bonus_reason,employee_bonus_manager_group_manager,1,1,1,1
