<?xml version="1.0" encoding="UTF-8" ?>
<odoo noupdate="1">
    <!-- Salary rule Teacher Attendance   -->
    <record id="hr_salary_rule_attendance" model="hr.salary.rule">
        <field name="amount_select">code</field>
        <field name="code">ATT</field>
        <field name="category_id" ref="hr_payroll_community.ALW"/>
        <field name="name">Teacher Attenadnce</field>
        <field name="sequence" eval="60"/>
        <field name="amount_python_compute">result = inputs.amount</field>
    </record>
     <!-- Salary rule Penalty  -->
    <record id="hr_salary_rule_penalty" model="hr.salary.rule">
        <field name="amount_select">code</field>
        <field name="code">PEN</field>
        <field name="category_id" ref="hr_payroll_community.DED"/>
        <field name="name">Penalty</field>
        <field name="sequence" eval="60"/>
        <field name="amount_python_compute">result = inputs.amount</field>
    </record>
</odoo>
